{"version": 2, "width": 170, "height": 38, "timestamp": 1592382258, "env": {"SHELL": "/usr/bin/zsh", "TERM": "xterm-256color"}}
[0.164391, "o", "\u001b[1m\u001b[7m%\u001b[27m\u001b[1m\u001b[0m                                                                                                                                                                         \r \r"]
[0.164899, "o", "\u001b]2;dave@dave-workstation: ~/Security/Android/AndroidApiMonitoring\u0007\u001b]1;..ApiMonitoring\u0007"]
[0.180101, "o", "\u001b]7;file:///home/dave/Security/Android/AndroidApiMonitoring\u001b\\"]
[0.244937, "o", "\r\u001b[0m\u001b[27m\u001b[24m\u001b[J\u001b[39m\u001b[0m\u001b[49m\u001b[40m \u001b[33mdave@dave-workstation \u001b[44m\u001b[30m \u001b[30m \u001b[30mAndroidApiMonitoring \u001b[42m\u001b[34m \u001b[30m  \u001b[30m master  \u001b[49m\u001b[32m\u001b[39m \u001b[K\u001b[90C\u001b[39m\u001b[0m\u001b[49m\u001b[34m\u001b[39m\u001b[44m\u001b[30m frida-env\u001b[30m \u001b[K\u001b[00m\u001b[39m\u001b[49m\u001b[103D"]
[0.244982, "o", "\u001b[?1h\u001b="]
[0.245406, "o", "\u001b[?2004h"]
[0.912922, "o", "\u001b[1m\u001b[31mp\u001b[0m\u001b[39m\u001b[90mython plot_histo.py\u001b[39m\u001b[19D"]
[1.274047, "o", "\b\u001b[1m\u001b[31mp\u001b[1m\u001b[31my\u001b[0m\u001b[39m"]
[1.38827, "o", "\b\b\u001b[1m\u001b[31mp\u001b[1m\u001b[31my\u001b[1m\u001b[31mt\u001b[0m\u001b[39m"]
[1.494637, "o", "\b\u001b[1m\u001b[31mt\u001b[1m\u001b[31mh\u001b[0m\u001b[39m"]
[1.696855, "o", "\b\u001b[1m\u001b[31mh\u001b[1m\u001b[31mo\u001b[0m\u001b[39m"]
[1.934713, "o", "\b\b\b\b\b\u001b[0m\u001b[32mp\u001b[0m\u001b[32my\u001b[0m\u001b[32mt\u001b[0m\u001b[32mh\u001b[0m\u001b[32mo\u001b[32mn\u001b[39m"]
[2.678437, "o", "\b\u001b[32mn\u001b[32m3\u001b[39m\u001b[90m \u001b[90md\u001b[90mo\u001b[90mw\u001b[90mn\u001b[90ml\u001b[90mo\u001b[90ma\u001b[90md\u001b[90m.\u001b[90mp\u001b[90my\u001b[90m \u001b[90m-c mrossicredentials.json \"it.quadronica.leghe\"\u001b[39m\u001b[60D"]
[3.484366, "o", "\u001b[39m "]
[3.620645, "o", "\u001b[39m\u001b[4mf\u001b[24m\u001b[90mr\u001b[90mi\u001b[90md\u001b[90ma\u001b[90m_\u001b[90mm\u001b[90mo\u001b[90mn\u001b[90mi\u001b[90mt\u001b[90mo\u001b[90mr\u001b[90mi\u001b[90mn\u001b[90mg\u001b[90m.\u001b[90mp\u001b[90my\u001b[90m \u001b[90m-\u001b[90mv\u001b[90m \u001b[90m2\u001b[90m \u001b[90m-\u001b[90mp\u001b[90m \u001b[39m\u001b[11P\u001b[19C\u001b[90m \u001b[90m--api it.quadronica.leghe.f.p.v,toString --filte\u001b[90mr\u001b[90m \"Network\" \"SharedPreferences\"\u001b[39m\u001b[K\u001b[A\u001b[44C"]
[3.814528, "o", "\b\u001b[4mf\u001b[39m\u001b[4mr\u001b[24m"]
[3.952768, "o", "\b\u001b[4mr\u001b[39m\u001b[4mi\u001b[24m"]
[4.132852, "o", "\b\u001b[4mi\u001b[39m\u001b[4md\u001b[39m\u001b[4ma\u001b[24m"]
[4.791333, "o", "\b\u001b[4ma\u001b[39m\u001b[4m_\u001b[24m"]
[5.212434, "o", "\b\u001b[4m_\u001b[39m\u001b[4mm\u001b[24m"]
[5.379984, "o", "\b\u001b[4mm\u001b[39m\u001b[4mo\u001b[24m"]
[5.53228, "o", "\b\u001b[4mo\u001b[39m\u001b[4mn\u001b[39m\u001b[4mi\u001b[39m\u001b[4mt\u001b[39m\u001b[4mo\u001b[39m\u001b[4mr\u001b[39m\u001b[4mi\u001b[39m\u001b[4mn\u001b[39m\u001b[4mg\u001b[39m\u001b[4m.\u001b[39m\u001b[4mp\u001b[39m\u001b[4my\u001b[24m\u001b[39m\u001b[1m \u001b[0m"]
[6.809843, "o", "\b\u001b[0m \u001b[39m-"]
[7.264933, "o", "\u001b[39m-\u001b[90mh\u001b[90me\u001b[90ml\u001b[90mp\u001b[39m\u001b[K\u001b[56C\u001b[39m\u001b[0m\u001b[49m\u001b[34m\u001b[39m\u001b[44m\u001b[30m frida-env\u001b[30m \u001b[K\u001b[00m\u001b[39m\u001b[49m\u001b[1B\r\u001b[K\u001b[A\u001b[96C"]
[7.469762, "o", "\u001b[39mh"]
[7.787064, "o", "\u001b[39me"]
[7.910082, "o", "\u001b[39ml"]
[8.067721, "o", "\u001b[39mp"]
[8.398581, "o", "\u001b[?1l\u001b>"]
[8.410419, "o", "\u001b[?2004l\u001b[1B\r"]
[8.412157, "o", "\u001b]2;python3 frida_monitoring.py --help\u0007\u001b]1;python3\u0007"]
[8.587999, "o", "usage: \r\n            python frida_monitoring.py -v 1 --file-apk app.apk --list-api api_personalized_1.txt api_personalized_2.txt\r\n            python frida_monitoring.py -v 1 --package-name com.example.analyticsapptesting --list-api api_personalized_1.txt api_personalized_2.txt\r\n            python frida_monitoring.py -v 2 --package-name com.example.analyticsapptesting\r\n            python frida_monitoring.py -v 2 --file-apk app.apk --list-api api_personalized_1.txt api_personalized_2.txt\r\n            python frida_monitoring.py -v 2 --package-name com.example.analyticsapptesting --list-api api_personalized_1.txt api_personalized_2.txt\r\n            python frida_monitoring.py -v 2 --package-name com.example.analyticsapptesting\r\n            python frida_monitoring.py -v 2 --package-name com.example.app --list-api api_personalized.txt api_personalized_2.txt --store-script True --filter \"Crypto\" \"Crypto - Hash\"\r\n\r\n        \r\n\r\nStart dynamic API monitoring\r\n\r\noptional arguments:\r\n  -h, --help            show this help "]
[8.58804, "o", "message and exit\r\n  -f APK, --file-apk APK\r\n                        file apk to analyze\r\n  -v VERSION, --version VERSION\r\n                        Version API Monitoring,\r\n                         -v 1 => Original,\r\n                         -v 2 => Based on https://github.com/m0bilesecurity/RMS-Runtime-Mobile-Security\r\n  -p PACKAGENAME, --package-name PACKAGENAME\r\n                        Package Name of app to analyze\r\n  --list-api API [API ...]\r\n                        List of api file to monitoring, \r\n                        e.g., file_api.txt\r\n  --api API             Single API to Monitoring, \r\n                        e.g., android.webkit.WebView,loadUrl\r\n  --filter {Device Data,Device Info,SMS,System Manager,Base64 encode/decode,Dex Class Loader,Network,Crypto,Crypto - Hash,Binder,IPC,Database,SharedPreferences,WebView,Java Native Interface,Command,Process,FileSytem - Java,ALL,NONE} [{Device Data,Device Info,SMS,System Manager,Base64 encode/decode,Dex Class Loader,Network,Crypto,Crypto - Hash,Binder,IPC,Da"]
[8.588053, "o", "tabase,SharedPreferences,WebView,Java Native Interface,Command,Process,FileSytem - Java,ALL,NONE} ...]\r\n  --store-script STORE_SCRIPT\r\n"]
[8.612114, "o", "\u001b[1m\u001b[7m%\u001b[27m\u001b[1m\u001b[0m                                                                                                                                                                         \r \r"]
[8.612336, "o", "\u001b]2;dave@dave-workstation: ~/Security/Android/AndroidApiMonitoring\u0007\u001b]1;..ApiMonitoring\u0007"]
[8.625298, "o", "\u001b]7;file:///home/dave/Security/Android/AndroidApiMonitoring\u001b\\"]
[8.686409, "o", "\r\u001b[0m\u001b[27m\u001b[24m\u001b[J\u001b[39m\u001b[0m\u001b[49m\u001b[40m \u001b[33mdave@dave-workstation \u001b[44m\u001b[30m \u001b[30m \u001b[30mAndroidApiMonitoring \u001b[42m\u001b[34m \u001b[30m  \u001b[30m master  \u001b[49m\u001b[32m\u001b[39m \u001b[K\u001b[90C\u001b[39m\u001b[0m\u001b[49m\u001b[34m\u001b[39m\u001b[44m\u001b[30m frida-env\u001b[30m \u001b[K\u001b[00m\u001b[39m\u001b[49m\u001b[103D"]
[8.686537, "o", "\u001b[?1h\u001b="]
[8.686988, "o", "\u001b[?2004h"]
[11.730811, "o", "\u001b[1m\u001b[31mc\u001b[0m\u001b[39m\u001b[90mlear\u001b[39m\b\b\b\b"]
[12.010858, "o", "\b\u001b[1m\u001b[31mc\u001b[1m\u001b[31ml\u001b[0m\u001b[39m"]
[12.148785, "o", "\b\b\u001b[1m\u001b[31mc\u001b[1m\u001b[31ml\u001b[1m\u001b[31me\u001b[0m\u001b[39m"]
[12.393556, "o", "\b\u001b[1m\u001b[31me\u001b[1m\u001b[31ma\u001b[0m\u001b[39m"]
[12.590859, "o", "\b\b\b\b\u001b[0m\u001b[32mc\u001b[0m\u001b[32ml\u001b[0m\u001b[32me\u001b[0m\u001b[32ma\u001b[32mr\u001b[39m"]
[12.868908, "o", "\u001b[?1l\u001b>"]
[12.869781, "o", "\u001b[?2004l\r\r\n"]
[12.870101, "o", "\u001b]2;clear\u0007\u001b]1;clear\u0007"]
[12.870973, "o", "\u001b[H\u001b[2J\u001b[3J"]
